Name,Sequence
HuXist_0,CAAGTCAATCTTCAGTCAGGAAGCTTCCAGCCCCGAGAGAGTAAGAAATATGGCTGCAGCAGCGAATTGCAGCGCTTTAAGAACTGAAGG
HuXist_1,CAAGTCATAGGTGATTTTTTTAAAGAAATACGCCATAAAGGGTGTTGGGGGACTAGAAAATGTTCTAGAAAGAACCCCAAGTGCAGAGAG
HuXist_2,CAAGTCAAATCTGAACACGCCCTTAGCTTAACTGCAGAGTCATTCTCTGCCAAAGCGGTAGGTACACTCACACACCACCAAATGATCAGC
HuXist_3,CAAGTCAAAAGGGAGTCCATGAGAAGGTGCCCTTATCTAGTACACAAGAATATAGACAAGCCAAGCAAAGAGGCCTCAGTGATCAGCACC
HuXist_4,CAAGTCATACTGCAAATGGAGGGTGAGAAGGTAGAACTTTGTTTAATTAGGATGAACCATGTGGTGATTACATACATTAATGTCCAAGGG
HuXist_5,CAAGTCATAGGGCACAAGAACCAACATAAATGCAATTATGCATGTCAACAAGCCAAGAAAAGGGGACTTAGGGGGTCAGCAACCCTGGTA
HuXist_6,CAAGTCAGCAATTATTCACATTAACTGTTCAAATGTAAAGATCATAAGGAGTGGGCACCCACTATTGAAAAGAGGTGGGGCATCCTTGTC
HuXist_7,CAAGTCAAAAGGAAAGGTGATGGGGTATGACCTTAATCTACTGACAAAGACAAAAGAAAATTTCAATTATATGTTGATAGTCCACCAGAA
HuXist_8,CAAGTCAAGGGGCACTTAGTGAATATCATCCCCCTGCTCTAAAGCAAAGGTGGTACAGGAACATGCTTAGAGAATTGAGTTTGTGCACAT
HuXist_9,CAAGTCACTCCCTAGTTTAACTTAGCACAAACGACTAGCCCTAAGCCGAGTTATGCGGCAAGTCTAAAATGGCGGCCACTTTTCCTCCAC
HuXist_10,CAAGTCAATGCAAGGGGAATATGTGGAGATCAACTCTTAGTCTAAAAGAAGAGGTGGACAATTGCATTAATGCATATTAAGTCCAAAAGA
HuXist_11,CAAGTCATATTAATTGTCCAAGAGCTGAGATTATGAGTAGTTAACACTTCTCAGCAGCAATCCAAAGGGTAATGGGAGGAACATAGGGTC
HuXist_12,CAAGTCAGTGGGTCAGTACCCCCGATGTAAGCAACGAGGAAGCAGGAGTCTTATCTAATGATCAGTGCCCTTGATAATTGTTATTAATGC
HuXist_13,CAAGTCAACCATTGATAACTGCCATTGTGCCTATTAACAGTCCCAGGAGAAGTTTTGAGTAGTCAGCAGCCCCTGCAGTAATGCAAAGGG
HuXist_14,CAAGTCAACTCCAATGCTTATACTTTATTATGCCATGGGAAACTAAGGGTGGGGTGGGGCGCTTGCTTAACAAGGTCAGGGAGGGAGAAA
HuXist_15,CAAGTCATGGCTACCTGTGATTTTACACACTGGCGCAATGCAAAAGGGTTGGGAGTATGGACCACTGTTTGATAGACAAGTGCATGGAAT
HuXist_16,CAAGTCAGCCCCAAATCAATTCATTCAGATAGGTTTAGCTCATGCAATGCACATGACTTCCTCTGCCTGACCTGCTATCATCCATCTTGC
HuXist_17,CAAGTCATGGGTGGGACCAAGGAAAGTGCAACTGAGAATTGTTTAAGTCCAAGAGAAAGGGCCTTGTCTGGTCAACATTACCCAGCAAAG
HuXist_18,CAAGTCATCATAGTCAACACTGCACCAACACACCAAAGTGGTAGGGAGATCTTGGACTGATGGGCTGAAAAATGGGACAATCAGTACTGT
HuXist_19,CAAGTCACAGCTCCCTGGGTCTGACTTGCCTTCAGTATTTTGCACAGTAAAGCAGTAACACAGGTGGGCAAGAATGGTTCTTGTCCCCAG
HuXist_20,CAAGTCAAATGCAGAGAAAGTGCCAACCTTCCTTCCTGGGGAGACAATTTTATAGTGTACACTGGAAACACAAAATAAAGGATGGCAATC
HuXist_21,CAAGTCACCTGGCATTTGGCACTTTACAATAACAATATACAAAGGGGACAACAAGAGATTCTTAACCAGGCAATCTGCTCTGGAAAGAAG
HuXist_22,CAAGTCAAGGTTATCGAGTCCACCCTACAATCCAGATGTCTTTCTTAAAAAAATTTTTTTAATAATAATAAGCAATTTTTCTGGCTGTAT
HuXist_23,CAAGTCATCCATTTTTAACTAGTCCCTTGTACTGATAAAAGATGATTCTTACTGCCTCCCGATACAACAATCACGCAAAGCTCCTAACAA
HuXist_24,CAAGTCAAGTTCCATATTACATAATCCTGTGCCACAAAACACCCTGTACACTAGTGGCTGGGATATTATTCATTTCCACTAGGCAGCTAT
HuXist_25,CAAGTCATTGACATCCTTCTCCGAGAAACAATATTCTTTTTCAGTTATTACAAAGAACTGCTGTTGTGATGACTAGTTATTTGCTTGAGC
HuXist_26,CAAGTCAGTATTCTAAAGAGCCAGAGACTCTTCTTTACAGCTGTCCGAGGAGCTAGTAGGGCAAACTGCTCCCTGAGCTGGGCCGATCTT
HuXist_27,CAAGTCATAGGGTTGTTGCCCAGTGGTAGTGAGCTTTTCCCCTGGAGGATCCTCATGCCCCATCTCCACCTAGGGATCGTCAAAGGGAAT
HuXist_28,CAAGTCAAGAGCTTGACGTGTGGTGGTTGTTTTTGAGACTTTATCTTCCTATCTGGGACCAGGAAAGTATCTTGACAGAACCTCCTGACC
HuXist_29,CAAGTCATTCAAATTTCTTGGACCTGCTGAAGACTCAGCTCTCTGCACTGCTTGTAGGAAGTATAATGATTTGGCAGATAGGAACAATGA
HuXist_30,CAAGTCATACACATTCATTCAGCTATCCTCAAGTGCTAGAGTGCCAGGCATGTTGATCTTCAGGTGGGAAGGCTGACTTCCTTCAGTGTG
HuXist_31,CAAGTCAATGAGAGATATGTCTAAGACAAGACACAGACCACTCTTGTGAACAAAAAGAGAAAATGAGGCAAAGGCACACACGAAAGAAAT
HuXist_32,CAAGTCAAGTAGAAACAGCAGAAAGGAGGCCAGACTCAGAAAAAAGGTGAAATTTAAAACGAACGAGAAGGGGAAGGGGTAACAAATAAT
HuXist_33,CAAGTCAAACAAAGCCTCGCCCATCATGATGTGGCCTTCCCGCCACTTGAACACTGCGACAGAACTGGATCCGCCATTTTGGACAACCTA
HuXist_34,CAAGTCAATATGCAAAGAAATATTTAAGGAGAGATTACATGAAATCAAAGAGAGGGAGATAGATTCATGAAGAGGCTGAAATACTCAAAG
HuXist_35,CAAGTCACTGCAGTCTAGGGCCTTGTTTTGGTCTTGGATCATCTCACATGGCAGCCTGGCATAAGGAACCGCTCCACAATGCTTGCTCTG
HuXist_36,CAAGTCACTTAAGACTTCTAACTCAAGCCTTGAGACTTCCATCCAACTCAGGCCTTCGGTCCAATTCAGGCCACCCTCTGTTTTCTTGGC
HuXist_37,CAAGTCACTACAACCCTGGGCTAATCTTAGGTCGTTGGCCTTGTGTCACAAGTCTCAGTTCTTAGGCCTTCCATGTGTCCTGTCCCAGGT
HuXist_38,CAAGTCAATACCTTTTTCGCTTGGGTCCTCTATCCATCTAGGTAGGCTTTGTGACAGGGGCCTTCCATCCTTGGGTTGTAGGTCTTCCAG
HuXist_39,CAAGTCAGCCATGTTTTACACTGCGGCAAGACCTTCAGCCGCCATCTTTTCCTGTGTGACCGCACATGTCCACCACCATGCTAACCACTT
HuXist_40,CAAGTCATTAAAGATAAACAGGAGAACTGGAAATATCTAAGAGTAAGAAGTGTAAACAATAGAAAAGAGGTAGGGTTTAGGGTTCTCATC
HuXist_41,CAAGTCATGGCTCAAGACTGGCCCAGGCATAATACTGTCAATCTAAAGGTAACCGGCAACATCAAAAAGTACATCTCAAAAGAATCAGGC
HuXist_42,CAAGTCATACAGTATCACCTATATGAATGTCTGCTCCTGAGGGAAGTTAACAAAAGCCAGATTAGATACTGACTGGATTTTGGTGTCTCT
HuXist_43,CAAGTCATCCATAACCATCACTAGAAATCCCAAACCCCAGAATCCTGCTCACCTAAGCTCAAAGAAGGAAGCTGTTGCTGGCAGGTGCTT
HuXist_44,CAAGTCACCAAATTATTTGGCCACTACTATGAGCAGGGAGTTCAGGCTGTCCCCTTGGGACCTCGCTTTGTCCCAGGCACAGTCACCCTT
HuXist_45,CAAGTCAAAACATGCTCAACAGTCCCAGGTTCTCTCATCTTTAAGCCTAGAGATGGGTATTAAACCCAGGAGTAGCGTTGGCACAGTCCA
HuXist_46,CAAGTCATGATATACATATGACAACGCCTGCCATATTGTCCCTGCGGCAAAACCCAACACGAAAAGCACACAGCAAAGACAAAGAGGCCC
HuXist_47,CAAGTCACGCTCTGCGTGGCACTAGGCGGCAAAACCCGCCATCTTTAACAATGCGGCAAGCCCGCCATGATGTCCACGTGACAAAAGCCA
HuXist_48,CAAGTCATAGGAGAATTAATCTTGTATTTTACAGTACCCAAAATAGCTGGTATGTAAGAGGCACTTAATATTCATTCATCCATTCATTCA
HuXist_49,CAAGTCATAAAGTCTTGATTGTTTAAAATTAAGCAATATATCATTCCTTACATCTGAATAGTATAGAGGATAAACTTTCCTCTTATTACA
HuXist_50,CAAGTCATCTATTACTTCATTTCCTCATACTAGCTCTTTCCTGGTTACCTGGAAAAATGTATCAGTAATAATTTAACTTAACCTCACCAG
HuXist_51,CAAGTCACAAATTTTTCATTTACAAGTGCTTTATAATTTAGAAAGCACATTCGCAAGCTGAATTAAGTGACTTTCGGTCTGGATCTCACA
HuXist_52,CAAGTCATCTCACTGTGGTTTAACTATACAATGAGAATTTTGTAGAGACAATACCTAGCTTACAGAAAGTTTTATTCATACAGAAAGCAT
HuXist_53,CAAGTCATGAGTTCACATAGTAGGCAATCAAAATTGATCTATTTAACAGGTATTTAAACCCTTGGTTTGTATAACTACTTATAGAACCCT
HuXist_54,CAAGTCATAATAACTATCATACAATTTTATAAACCTAGTACCCAGCACCAAGTGAGAAAATCAACAGTTACATTTATATGGTGCCTTAGA
HuXist_55,CAAGTCAAGCCCCACAGAAAGTAATCACCATTCAGTAAGCCAATAGTTCATTCCTATCTGTATAGAACTGTAGGCTTTGTAAATCTACAC
HuXist_56,CAAGTCAGCTTAGTACACTGCCTTATATTAGTCCATTTGTCCCATGTTTTCATCACTGAATAAACTTGTTAAATGACTTTTGGTCTGGAT
HuXist_57,CAAGTCACTTGTTTTTTGCAAAAATTTTCCATCTCCTCAATCAGGCCAGGAAGCATGTATCTTCTGGACAGGACTTTATCTCTCTACTCA
HuXist_58,CAAGTCATTTACTTCTGTAGGCCAGGTCAAGGTGGGTCTAATTCACTTTTATCATCAGCACTTAAGAAACTGGATGGAAGACCACAACAC
HuXist_59,CAAGTCAATTATTTAAACAATCAAACCAAAGATGTTCTTCTATCTTCAGCTGTCAGTGATCTAATGCCCTCATCTCTCTTATCCTCAGGA
HuXist_60,CAAGTCATCAAAGGCAATTGAGTGGGTCTTCTGGGCCAGACCTATTTAATTTACGAAACATAGTACCTTGCAGAGAATAGGCATTGAAAT
HuXist_61,CAAGTCACTGCGAAGTGCCATGCTAATTCACCCAGGTCTTCGCTGAGTAGCTGGACAGTGTGTCATCAGTCTAATTCCATCTTCTGCTCT
HuXist_62,CAAGTCATTTAGTTAATGAATTAAAGAACAAACCCTGAGCCCTTTTATCAGTCTCCTGGCTTTAAACTAAGCCAATGAGGAAGTGATTTG
HuXist_63,CAAGTCAGTCTCTAAGCCAGACCAATGAGCAAATACCTTTAAAACTAGTTGTTACATCTTGAACCATTTAACTGTAATAAAAGCAGAATG
HuXist_64,CAAGTCATTAGAGAATTTGTTCCTGTGTTTCCACCATAAGATAAATGAGATAAAGTGCACTTTGGTTTACGTCTTTCAAGCACTTAAGAA
HuXist_65,CAAGTCAGTGATCTGTTTAGTTTTTCCTTAGTATCGAACATATCACAGCTACTCAATGAAGTTTCTTCTCAACTAAAGAAACACAGTCTC
HuXist_66,CAAGTCACTTTTCGTCATGATTTTTTTTGTTTTCTGTTTAGGATTTAACAAAATGGTTGAGATAACAGTCACTTCTGTTTGATGAAGAGT
HuXist_67,CAAGTCAACCTTGAAAACACCTGGTGTACCGCCCACTGGGAGACATACACGTGGCCCCTCCACTTCTTTCTCCTGACTGGCTAAAGACAG
HuXist_68,CAAGTCAGGAATTAAACCACACAATGTTATTTAGGGACTAAGCCATGCCCCTAACAAGAAAACAAGCCAAAAGGAAAGTATTAGGCATTC
HuXist_69,CAAGTCACTGTAACTTAAGGAGCAAGCTCACTACAAAACCCAGCTACCTGCTTATCGTAGTGGCCAGAGTGGTAGAAGAGATACGGAGTA
HuXist_70,CAAGTCACAAAACCAATTGTGGCTCAAGTGTAGGTGGTTCCCCAAGGCTGGTACCAATGAGACTGGGGTTTGGGAATTAGTTGGTCATCA
HuXist_71,CAAGTCATCCAGCACTGCAAGAGGCAGCACTGGACAGGAGGGGACAAATAAGAGGGGACAGAGGTGGAAAGGCTAAATGTCCTTGAAAAG
HuXist_72,CAAGTCATTTAAACCTGGAGCTGGTAATGTTCTTAAGACCAATTCAGAACAAAGGCAGGTTGCCCTTAAAACAGGTTTGACCTTTTCCTT
HuXist_73,CAAGTCAACTACAATGAACAATAAAGTCCTCTTCTTTTGAAGCATATTTTGGCTTCAGCTTTAAGATAATCTTATGACAAGAAGGGTCAC
HuXist_74,CAAGTCATGACATTTATCTATTTCCTTCTCCACTTATGGATGTAATTGGCTTGCTATAGAAACTACAGTTCAGATGCTTTGAATGTATGA
HuXist_75,CAAGTCATCCCCAGCTGAAGAAAGGGGTGTTACTGAGTCCAGCTGATACCACACATTGAAAGGTAAACATTAATATTTCAAATCTGATGT
HuXist_76,CAAGTCAATAAAAGCAGATTTATTCATCACAACTTCATTTATGTGAATAAAGCAGATGATGATAAAATGTTCTCTTATTCTTGTTTAATC
HuXist_77,CAAGTCATCTTCCATTTATCTTAGCTTTTGGAATAAATTATCTTTGAGGTAGAAGGACAATGACGAAGCCACTTAATTCCTTGTGTCTGC
HuXist_78,CAAGTCAGGGTGGGGGGGGAGGTATACTTAGCCTTAGGTGAGGCACCAATACAGAGGAATGGAGGGAGGTTCAGACCACACAGCCAGATA
HuXist_79,CAAGTCATGCTGAACAATATTTTTCAATCTTCCAAACAGCAAAGACTCAAAAGAGATTCTGCATTTCACATCAGTTCACAAGTTCAAGAG
HuXist_80,CAAGTCATATTTTACAATAGCAACCAACTCCCCAGTTTGTTTCAATTGTGACATCTAGATGGCTTAAGATTACTTTCTGGTGGTCACCCA
HuXist_81,CAAGTCAGGTCCTTGCCACGGCTCACCACCATGTCCACACCAAGCAGGCCTGGAGCACTGCCCATGGCAACAGTGCAGTGCAGGGCAGAC
HuXist_82,CAAGTCACAAACACTAGCAAACCACAAAATCAGACTGTATGACTGACATCCAAAAGATAAATATAAATCAAAATCCGACCCCAGCATTAG
HuXist_83,CAAGTCAAAACTCATTAAATGTAATTAAAGTGAATTCTACAAATAAAGCCTCTTAATACATTTCTATAATAGTCACTTAAGACTTAAATT
HuXist_84,CAAGTCAGACACCAGACCACAGCAATTCAAGTTTCCTGTCTGATAAGTAGGTGATTAGTCAATTAGTGCAGCATCAAGGATGGGAACAAA
HuXist_85,CAAGTCACAGGGCTGGGGAGGAACTGGATGCTAGGCAGGCAGGATACAACGAAAAATTGAAATACTCCAATATAATAAGTCTGAATAGAG
HuXist_86,CAAGTCAGCACTGAATCAATGAAAATTAGAGTGACTTTCGAGAGAAGCTGGGCGGGACTGAGGAACTAGGACTGGGACTGGGGCTAGGGC
HuXist_87,CAAGTCAGAGTCAGTACTGAAGATCAGCAATGCCAAGGGTAAACGGAATATCCCAGTATAATAGGATAAGCAATGGACAACTTATTTTGA
HuXist_88,CAAGTCAGGGCAGGGGATCGAGAAAATGATAAGTAACTCAAATTGTGGGCAATAATGCTCTGATAGAAAGCTCTCAATTGACATTCCCTA
HuXist_89,CAAGTCAACACAGTACACAAGAAAAGATCACTACTCAAAATTGGGACTGTGACTACAGAAGCAATGACAGAGAAATGGTTTCTCCTTTAA
HuXist_90,CAAGTCAGCAAAGAAAAAATAATAAAACCAGGTATCCGCAGCCCCGATGGGCAAAATATAGAAAAGAGAGTGGAAGAGTAAAAAACTGAT
HuXist_91,CAAGTCAGGGGTTCAGAGTGCTGTCTAATCCAATGGGTAGGATTATTGGCAATTAGAATTTTACTCAATGCAAAGAGTTTTAGGTGGCCA
HuXist_92,CAAGTCAGGCAAAGCTATGACAATTGGGACTGAGCATTTTAACTGTCCAACAAAAGACGGGTTGTCTGCGACCCCCTGCTGAATGCAAAT
HuXist_93,CAAGTCACTACTTTGTTCTTTAATTGTCCAAGAACAGCAGGATTCTCCAGAAGCACAGCAAAAAGCGCAGTAGGGTGCCTTTGTTTAATA
HuXist_94,CAAGTCACTCAGGTAGTCAGCGCTGCCTCAAGGCAAATGCAAGGGCGACTGGTAGTCTTCATGATTAATGGGTGAGACAATTAGCAATTA
HuXist_95,CAAGTCAAACCATGAATAATTACTATTGTATCCATTAATATTCCAAGGGAAGGGGCTCTAAGAATGAGTCAGTCCCACTGCTGTTATGCA
HuXist_96,CAAGTCATTAATGCAAGGTGGTAGGTAGTTCACACTATCTAGGAGCAATGATAAAGGCATACACATAAGTGGGTCTTCTCTGTTACGCAG
HuXist_97,CAAGTCATGGGTAGTCAGAACTCAGCAGCAATGGCAAAGAGGACATCCTAGACTAATGAGTGGGACTATGGGCAATTAGTGTTTTACATA
HuXist_98,CAAGTCAGGACAATTGCAACTGTGCAAATTAACTGTTCAAGAGCTGTTATTGAATAATCTGCACTCGTTAGCAACATCCCACAGAAGGTG
HuXist_99,CAAGTCAAAAAAAAAATAAAAAGCAGGTATCCGCGGCCCCGATGGGCGAATAAAAAAGAATTAAAAGGCAGGTATCCACGGCCCCGTTGG
HuXist_100,CAAGTCAGCACAAGAAGAGTCCTTGGGTGATCAGCCCACATTGTAGCGTGCAAATAGGATACAGAGTCCCTTTCTAATGGACAGGACTCT
HuXist_101,CAAGTCAAGTAAGGGTCCCCTGCTGGAATACAAAGGGAGTGGAAGGGTTAGTGCACAAGATCGTGGACAAATACAATTATGAACATCAAT
HuXist_102,CAAGTCAATGCAGGGACCTTGATATAAAAGACTCAGTTCTAATCAATTAGGATTGTGCACATAAACTGTCCTAGTACAGAGGTCTTGAGT
HuXist_103,CAAGTCAAGGGAAATTGCATTTTGCACATCAATAATTTCTGGAGGAGGGGCATTAGGTAACCAGCACCCTCTTGATGTAAAGCAAAGATG
HuXist_104,CAAGTCATTATGCGCATTAACAGTCCCAAGTACCCCCTGCTGTAAGACAAAAGGAATATGAGGGGATGAGACCCCAGACTAACAGCAGAT
HuXist_105,CAAGTCATTGTGATTAGCACCCTCTACTGTAATGCTAAGAGGGTGTGAGCAGTTGGGATCTTAATTTAATGGAAAAGACCATAATTGCAA
HuXist_106,CAAGTCAAAGACATTGTTGTGATCAGTTGCCATGGTTCACATTAACTATCCTAGTGCAAAGGTCTTGACTAGAGGTCATCCACTGCTGAA
HuXist_107,CAAGTCAGGGTTTCCAGCATCCCTTTCTATAATGTAAAAGGGGTAGAATATAGGTTTAAAGGGAGAGACCATGAACATTGGAATTTTGCA
HuXist_108,CAAGTCAGGGGCACATCAACTACTGCTAATTATGCGCATTTAAGCAGTATAAGAGAAGAAGCACTAGCTAGTTAGCACTCCTGCTGCTTT
HuXist_109,CAAGTCAGTCCAAGAGAGTGAATTCAGGCTAGTTAGAAGCTCCTGCAGTAATGCAAATGGAGCAAGGAAGCGGGATTCTACTCTAACATA
HuXist_110,CAAGTCATTCCAGCTGGGATGTAAATACAGTGGGTGGGGTCCTTACATGGTAAAAAAGTACAGCAGCAAATATAAGTATGCACATTAACA
HuXist_111,CAAGTCATGTATGCAACTGAAAATGTGTATATAACACCTAAGATTATGCACGCTAACTTTACTAGTCTAAGGGTCTTAAGTAGTAGGTAC
HuXist_112,CAAGTCAATGGGCAAGGAAAAATAAAAAAAAAAAAAGCAGGTATCCGAAGCCCCGATGGGCCAAAAAAAGAAAATTTTTAAAAAGCAGAT
HuXist_113,CAAGTCACCCATGCAATAAAGCAAAGAGGGTGTGATAGGTCAGAAACCCAAGTCTAATTGAAGGACCATTGACAACTGCAATTACATGCC
HuXist_114,CAAGTCACTGTCCTTCAAAAGGAAGGATACTGATGTAATTGTCATTAGGCACATTAACAGTTTGAGAAAGGGGCCTTAAGTGAATAGTAC
HuXist_115,CAAGTCATCTCTAGTGCATAGCAACCTCGACAAATACAATCACACATATTGGGAGGCCAAGAAATGGGGCCTTAGGTGTCACCAACCATG
HuXist_116,CAAGTCACCTTATTCACATGGAATGAGCAGTGTGCGATTACGCACATAAATGTCCAAGATGCATGCTTGTGGTCACTTACAATTGTGCAC
HuXist_117,CAAGTCATATAATCACACACAACATGCCAAGAAAAGGGGACTGCGTTATCAGCAACCCTTCTGTATTGCAAAAGGGGTCGGAGAGTAGGA
HuXist_118,CAAGTCACAAATCCATGTCTAAGGTGCATGGTTGTGTTCACTTAACAATTACGCACCTTGACTGTCCAAATGTGAGAGTCTTATGGAGTG
HuXist_119,CAAGTCATGGTGATCAGCACCCCTGCTGTACTGCAAAAGGGGTCTGAGAGTAGGATTTTATTCAGATAGGTTGAGCTGTGTGTAGTTATG
HuXist_120,CAAGTCAGTGGCAGGGGAGGCTTCCATGTCTAATACACAGGAACCGGGACAAACATAATCACACGCATACCAGGCCAGGAAAAAGGGCCT
HuXist_121,CAAGTCAGATGAAAAAAAAAAATCAAAGCAGGTATCCGCGGCCCCGATGGGCCAGAAAAACAAAAATTAAAGCAGGTATCCGAGGCCCCG
HuXist_122,CAAGTCATGTGCACCTTGATTGTCCAAACGTAAGCGTCTTATGGAGAGGGCACTCCCTGCCGGAAGGGAAAGGAAGATTGGGGGTGGAGT
HuXist_123,CAAGTCAAGAGTAGGACCTTATTCAGATGGAATGGGCAAAGTGGTTATGCACATTAATGTCCAAGGTGTATGCCTGTGGTCACTTACAAC
HuXist_124,CAAGTCAAGACAAATATAATCACGCACATAACAGGCCAAGAAAAGGGGCCTTGGTGATCAGCACCCCTGCTGTACTGCAAAAGGGGTCTG
HuXist_125,CAAGTCACCAATAATGTCCAAGGTGCATGGCTGTGGTCACTTATAATTGTGCACCTTGATTGTCCAAATGTAATGATCTTATGGAGGGGG
HuXist_126,CAAGTCAACCCCTGCTGTACTGCAAAGGGCATCTGAGAGTAGGACCTTATTCAGATGGGATGGGCCATGTGCAGTTACGCACATTAATGT
HuXist_127,CAAGTCAATTCAGATGGGATGGGCCATGTGCAGTTATGCACATTCATGTCCAAGGTGAGTGCCTATGCTCACTTACAATTGTGCACCTTG
HuXist_128,CAAGTCATCCAAGGTGCATGGTTGTGGTCACATACAATTGTGCACCTTGACTGTCCAAATGTAAGGGTCTTATGGAGCGGGTACTTCCTG
HuXist_129,CAAGTCACACACCTACTGTACTGCAAAAGGGGTCTGAGAGTAGGACCTTATTCAGATGGGATGGGCCATGTGCAGTTACACACATTTATG
HuXist_130,CAAGTCAGGCTTCCATGTCTTATACACTGGAACCCAGACAAATATAATCACATACGTTAACAGGCCAGGAAGAGGGGCCTTGGTTATCAG
HuXist_131,CAAGTCAACTGTCCAAATGTAAGGTTCTTATGGAGCTGGCACTCCCTGCCAGAAGGGAAAGGAAGATTGAGGGTGGGGTGGGGCAGGGGA
HuXist_132,CAAGTCAATTCAGATGAGATAGGCCGTGTGCAGTTACACACATTATTGACCAAGGTGCATGGCTGCGGTCACTTAGAATTGTGCACCTTG
HuXist_133,CAAGTCAGAGGAAAAGAAAGATTATGCGTAGATGGGATGGGGCAGAGGAGGCTTCCTTGTCTAGTACACAGAAACCTGGACAAATATAAT
HuXist_134,CAAGTCAAGATGCATGGTTGTGGTCACTTACAATTGTGCACCTTGATTGTCCAAATGTAAGGGTCTTATGGAGTGAGCACTCCCTGCTGG
HuXist_135,CAAGTCACCAGCTATACTGCAAAGGGGGTCTGAGAGTAGGACTTTATTCAAATAGGATAAGCCATGTGCAGTTATGCACATAAATTTCCA
